student_id,attendance,study_hours,assignment_score,quiz_score,participation,lms_activity,late_submissions,previous_performance,screen_time
1,95,5.2,92,90,88,91,0,89,2.1
2,88,4.1,84,82,80,85,1,81,2.8
3,72,2.5,68,65,62,70,3,67,4.5
4,58,1.2,45,48,42,40,7,50,7.2
5,91,4.8,89,87,85,90,0,86,2.4
6,65,1.8,58,55,50,54,5,57,6.1
7,78,3.2,74,71,69,73,2,72,3.8
8,52,0.9,42,40,38,35,8,45,8.0
9,94,5.5,95,93,92,94,0,94,1.9
10,69,2.2,61,59,57,60,4,62,5.2
11,85,3.9,82,79,77,81,1,80,3.0
12,61,1.5,50,52,45,48,6,53,6.8
13,97,6.0,96,95,94,97,0,95,1.5
14,75,2.8,70,68,65,72,3,69,4.2
15,55,1.0,47,44,40,38,9,42,8.3
16,89,4.5,86,84,82,87,1,85,2.6
17,71,2.4,65,63,60,67,3,64,4.8
18,49,0.7,38,35,32,30,10,40,9.0
19,93,5.0,91,89,90,92,0,90,2.0
20,80,3.5,77,74,72,78,2,75,3.5